{
  "project_info": {
    "project_number": "150669021901",
    "project_id": "teampulse-5442d",
    "storage_bucket": "teampulse-5442d.firebasestorage.app"
  },
  "client": [
    {
      "client_info": {
        "mobilesdk_app_id": "1:150669021901:android:4a79ea7036702740cf4f84",
        "android_client_info": {
          "package_name": "com.example.teampulse"
        }
      },
      "oauth_client": [],
      "api_key": [
        {
          "current_key": "AIzaSyCDYwVeW4rknsSC1ztEsYfRE72oBjdOsTk"
        }
      ],
      "services": {
        "appinvite_service": {
          "other_platform_oauth_client": []
        }
      }
    }
  ],
  "configuration_version": "1"
}